predictor,predictor_value,suitability
wc2.1_2.5m_bio_1,-7.420934130748113,8.075057239464953e-4
wc2.1_2.5m_bio_1,-6.653500080108643,8.075057239464953e-4
wc2.1_2.5m_bio_1,-5.886066029469172,9.243599136820288e-4
wc2.1_2.5m_bio_1,-5.1186319788297014,0.0010597172769639487
wc2.1_2.5m_bio_1,-4.351197928190231,0.0012168368758323476
wc2.1_2.5m_bio_1,-3.5837638775507603,0.0013999255619837362
wc2.1_2.5m_bio_1,-2.81632982691129,0.0016158618389964063
wc2.1_2.5m_bio_1,-2.048895776271819,0.0018750750411497326
wc2.1_2.5m_bio_1,-1.281461725632349,0.0021805012038642025
wc2.1_2.5m_bio_1,-0.5140276749928789,0.0025396338242114802
wc2.1_2.5m_bio_1,0.2534063756465921,0.0029619490435362837
wc2.1_2.5m_bio_1,1.020840426286063,0.0034587559159069176
wc2.1_2.5m_bio_1,1.7882744769255323,0.004043746876157277
wc2.1_2.5m_bio_1,2.5557085275650033,0.004733178494679096
wc2.1_2.5m_bio_1,3.3231425782044743,0.005546341170711337
wc2.1_2.5m_bio_1,4.090576628843944,0.006506106434752283
wc2.1_2.5m_bio_1,4.858010679483415,0.0076395584009807905
wc2.1_2.5m_bio_1,5.625444730122886,0.008978722597659698
wc2.1_2.5m_bio_1,6.392878780762355,0.010561350036957259
wc2.1_2.5m_bio_1,7.160312831401826,0.012431815427513888
wc2.1_2.5m_bio_1,7.927746882041297,0.014642087917028097
wc2.1_2.5m_bio_1,8.695180932680767,0.017252718837074462
wc2.1_2.5m_bio_1,9.46261498332024,0.020333771898214333
wc2.1_2.5m_bio_1,10.230049033959709,0.02397981450737945
wc2.1_2.5m_bio_1,10.997483084599178,0.028436123547039092
wc2.1_2.5m_bio_1,11.764917135238651,0.03369748417630367
wc2.1_2.5m_bio_1,12.53235118587812,0.03988968525784007
wc2.1_2.5m_bio_1,13.29978523651759,0.04714856000307361
wc2.1_2.5m_bio_1,14.067219287157062,0.05561656206484303
wc2.1_2.5m_bio_1,14.834653337796532,0.0654372646139821
wc2.1_2.5m_bio_1,15.602087388436,0.07674789992574015
wc2.1_2.5m_bio_1,16.369521439075474,0.0865476228412982
wc2.1_2.5m_bio_1,17.136955489714943,0.09585604804266838
wc2.1_2.5m_bio_1,17.904389540354412,0.10600133947173515
wc2.1_2.5m_bio_1,18.671823590993885,0.11700995547005762
wc2.1_2.5m_bio_1,19.439257641633354,0.128898988121808
wc2.1_2.5m_bio_1,20.206691692272823,0.1416749967275332
wc2.1_2.5m_bio_1,20.974125742912296,0.15397029829545505
wc2.1_2.5m_bio_1,21.741559793551765,0.16565818279291378
wc2.1_2.5m_bio_1,22.508993844191235,0.1717990518143499
wc2.1_2.5m_bio_1,23.276427894830707,0.17821018286640544
wc2.1_2.5m_bio_1,24.043861945470177,0.18489618040033182
wc2.1_2.5m_bio_1,24.811295996109646,0.19186132971915051
wc2.1_2.5m_bio_1,25.57873004674912,0.19910957554312256
wc2.1_2.5m_bio_1,26.34616409738859,0.20793040940239274
wc2.1_2.5m_bio_1,27.113598148028057,0.2329240977915999
wc2.1_2.5m_bio_1,27.88103219866753,0.262129018285479
wc2.1_2.5m_bio_1,28.648466249307003,0.2929845578985452
wc2.1_2.5m_bio_1,29.41590029994647,0.3255532578092123
wc2.1_2.5m_bio_1,30.18333435058594,0.35994751403903885
wc2.1_2.5m_bio_1,30.950768401225407,0.35994751403903885
wc2.1_2.5m_bio_13,-39.6875,0.005659615818019272
wc2.1_2.5m_bio_13,0,0.005659615818019272
wc2.1_2.5m_bio_13,39.6875,0.014026328465722096
wc2.1_2.5m_bio_13,79.375,0.033750345687957366
wc2.1_2.5m_bio_13,119.0625,0.07592488737600557
wc2.1_2.5m_bio_13,158.75,0.14720252291115046
wc2.1_2.5m_bio_13,198.4375,0.15746544890925726
wc2.1_2.5m_bio_13,238.125,0.15746544890925726
wc2.1_2.5m_bio_13,277.8125,0.15746544890925726
wc2.1_2.5m_bio_13,317.5,0.15746544890925726
wc2.1_2.5m_bio_13,357.1875,0.15746544890925726
wc2.1_2.5m_bio_13,396.875,0.15746544890925726
wc2.1_2.5m_bio_13,436.5625,0.15746544890925726
wc2.1_2.5m_bio_13,476.25,0.15746544890925726
wc2.1_2.5m_bio_13,515.9375,0.15746544890925726
wc2.1_2.5m_bio_13,555.625,0.15746544890925726
wc2.1_2.5m_bio_13,595.3125,0.15746544890925726
wc2.1_2.5m_bio_13,635,0.15746544890925726
wc2.1_2.5m_bio_13,674.6875,0.15746544890925726
wc2.1_2.5m_bio_13,714.375,0.15746544890925726
wc2.1_2.5m_bio_13,754.0625,0.15746544890925726
wc2.1_2.5m_bio_13,793.75,0.15746544890925726
wc2.1_2.5m_bio_13,833.4375,0.15746544890925726
wc2.1_2.5m_bio_13,873.125,0.15746544890925726
wc2.1_2.5m_bio_13,912.8125,0.15746544890925726
wc2.1_2.5m_bio_13,952.5,0.15746544890925726
wc2.1_2.5m_bio_13,992.1875,0.15746544890925726
wc2.1_2.5m_bio_13,1031.875,0.15746544890925726
wc2.1_2.5m_bio_13,1071.5625,0.15746544890925726
wc2.1_2.5m_bio_13,1111.25,0.15746544890925726
wc2.1_2.5m_bio_13,1150.9375,0.15746544890925726
wc2.1_2.5m_bio_13,1190.625,0.15746544890925726
wc2.1_2.5m_bio_13,1230.3125,0.15746544890925726
wc2.1_2.5m_bio_13,1270,0.15746544890925726
wc2.1_2.5m_bio_13,1309.6875,0.15746544890925726
wc2.1_2.5m_bio_13,1349.375,0.15746544890925726
wc2.1_2.5m_bio_13,1389.0625,0.15746544890925726
wc2.1_2.5m_bio_13,1428.75,0.15746544890925726
wc2.1_2.5m_bio_13,1468.4375,0.15746544890925726
wc2.1_2.5m_bio_13,1508.125,0.15746544890925726
wc2.1_2.5m_bio_13,1547.8125,0.15746544890925726
wc2.1_2.5m_bio_13,1587.5,0.15746544890925726
wc2.1_2.5m_bio_13,1627.1875,0.15746544890925726
wc2.1_2.5m_bio_13,1666.875,0.15746544890925726
wc2.1_2.5m_bio_13,1706.5625,0.15746544890925726
wc2.1_2.5m_bio_13,1746.25,0.15746544890925726
wc2.1_2.5m_bio_13,1785.9375,0.15746544890925726
wc2.1_2.5m_bio_13,1825.625,0.15746544890925726
wc2.1_2.5m_bio_13,1865.3125,0.15746544890925726
wc2.1_2.5m_bio_13,1905,0.15746544890925726
wc2.1_2.5m_bio_13,1944.6875,0.15746544890925726
wc2.1_2.5m_bio_14,-6.958333333333333,0.12379801762545631
wc2.1_2.5m_bio_14,0,0.12379801762545631
wc2.1_2.5m_bio_14,6.958333333333333,0.12576578669337782
wc2.1_2.5m_bio_14,13.916666666666668,0.1277422852421514
wc2.1_2.5m_bio_14,20.875,0.12972684061911324
wc2.1_2.5m_bio_14,27.833333333333332,0.13171877244851463
wc2.1_2.5m_bio_14,34.791666666666664,0.13371739122398463
wc2.1_2.5m_bio_14,41.74999999999999,0.1357220011777672
wc2.1_2.5m_bio_14,48.70833333333333,0.1377319018098729
wc2.1_2.5m_bio_14,55.666666666666664,0.13974638953004825
wc2.1_2.5m_bio_14,62.62499999999999,0.1417647548521377
wc2.1_2.5m_bio_14,69.58333333333333,0.14427341306933686
wc2.1_2.5m_bio_14,76.54166666666667,0.1474569567725687
wc2.1_2.5m_bio_14,83.5,0.1506451607722003
wc2.1_2.5m_bio_14,90.45833333333333,0.15383545278084848
wc2.1_2.5m_bio_14,97.41666666666667,0.15702529791489384
wc2.1_2.5m_bio_14,104.375,0.1602122138781719
wc2.1_2.5m_bio_14,111.33333333333333,0.163393761324469
wc2.1_2.5m_bio_14,118.29166666666667,0.16587770509349514
wc2.1_2.5m_bio_14,125.24999999999999,0.16797694517291523
wc2.1_2.5m_bio_14,132.20833333333331,0.17007040134241436
wc2.1_2.5m_bio_14,139.16666666666666,0.1721574047457127
wc2.1_2.5m_bio_14,146.12499999999997,0.17423729182448175
wc2.1_2.5m_bio_14,153.08333333333331,0.17618487028338833
wc2.1_2.5m_bio_14,160.04166666666666,0.17629811637285014
wc2.1_2.5m_bio_14,166.99999999999997,0.17460680755732602
wc2.1_2.5m_bio_14,173.95833333333331,0.17291497322634772
wc2.1_2.5m_bio_14,180.91666666666666,0.17122279807959243
wc2.1_2.5m_bio_14,187.87499999999997,0.16953049233490433
wc2.1_2.5m_bio_14,194.83333333333331,0.16783826512666142
wc2.1_2.5m_bio_14,201.79166666666666,0.1661463332895262
wc2.1_2.5m_bio_14,208.74999999999997,0.1629535112934873
wc2.1_2.5m_bio_14,215.70833333333331,0.156614494905639
wc2.1_2.5m_bio_14,222.66666666666666,0.15028125829152192
wc2.1_2.5m_bio_14,229.62499999999997,0.14397092656752955
wc2.1_2.5m_bio_14,236.58333333333331,0.13770118353853192
wc2.1_2.5m_bio_14,243.54166666666666,0.13148999172205078
wc2.1_2.5m_bio_14,250.49999999999997,0.12535529174682716
wc2.1_2.5m_bio_14,257.4583333333333,0.11931454454549147
wc2.1_2.5m_bio_14,264.4166666666667,0.11338461683322162
wc2.1_2.5m_bio_14,271.375,0.10758128909337986
wc2.1_2.5m_bio_14,278.3333333333333,0.10191917735123622
wc2.1_2.5m_bio_14,285.2916666666667,0.09641144876103454
wc2.1_2.5m_bio_14,292.25,0.09106960497753634
wc2.1_2.5m_bio_14,299.2083333333333,0.08590319522358533
wc2.1_2.5m_bio_14,306.1666666666667,0.08091946635563028
wc2.1_2.5m_bio_14,313.125,0.07612054706508331
wc2.1_2.5m_bio_14,320.0833333333333,0.07150191971706614
wc2.1_2.5m_bio_14,327.0416666666667,0.06704783510022048
wc2.1_2.5m_bio_14,334,0.06275714500057479
wc2.1_2.5m_bio_14,340.9583333333333,0.06275714500057479
wc2.1_2.5m_bio_15,-3.591472307840983,0.10411902326421416
wc2.1_2.5m_bio_15,0,0.10411902326421416
wc2.1_2.5m_bio_15,3.591472307840983,0.10412394801101511
wc2.1_2.5m_bio_15,7.182944615681967,0.10413972233017223
wc2.1_2.5m_bio_15,10.77441692352295,0.10416697797737488
wc2.1_2.5m_bio_15,14.365889231363932,0.10420634157720644
wc2.1_2.5m_bio_15,17.957361539204914,0.10425843211587217
wc2.1_2.5m_bio_15,21.548833847045895,0.10432385885731263
wc2.1_2.5m_bio_15,25.14030615488688,0.1044032199402507
wc2.1_2.5m_bio_15,28.731778462727863,0.1044971008298717
wc2.1_2.5m_bio_15,32.32325077056885,0.1046060726757999
wc2.1_2.5m_bio_15,35.91472307840983,0.10668095887947891
wc2.1_2.5m_bio_15,39.506195386250816,0.10937586761535151
wc2.1_2.5m_bio_15,43.0976676940918,0.11218795938240098
wc2.1_2.5m_bio_15,46.68914000193278,0.11532844394989569
wc2.1_2.5m_bio_15,50.280612309773765,0.11853840938018227
wc2.1_2.5m_bio_15,53.872084617614746,0.12181671225119522
wc2.1_2.5m_bio_15,57.46355692545573,0.12516207184545536
wc2.1_2.5m_bio_15,61.055029233296715,0.12857308925492275
wc2.1_2.5m_bio_15,64.64650154113768,0.13204826847385123
wc2.1_2.5m_bio_15,68.23797384897867,0.13558606229489417
wc2.1_2.5m_bio_15,71.82944615681966,0.13918486442635492
wc2.1_2.5m_bio_15,75.42091846466063,0.14284310212981408
wc2.1_2.5m_bio_15,79.01239077250162,0.1465592143864987
wc2.1_2.5m_bio_15,82.6038630803426,0.1503317565505172
wc2.1_2.5m_bio_15,86.19533538818358,0.1507137154172576
wc2.1_2.5m_bio_15,89.78680769602457,0.14984558861199873
wc2.1_2.5m_bio_15,93.37828000386556,0.14850884993703692
wc2.1_2.5m_bio_15,96.96975231170653,0.14719085999303408
wc2.1_2.5m_bio_15,100.56122461954752,0.1458932037413185
wc2.1_2.5m_bio_15,104.1526969273885,0.14461733511328762
wc2.1_2.5m_bio_15,107.74416923522948,0.14336455646211616
wc2.1_2.5m_bio_15,111.33564154307047,0.14213604297540816
wc2.1_2.5m_bio_15,114.92711385091145,0.14093282551660083
wc2.1_2.5m_bio_15,118.51858615875243,0.1404372345304921
wc2.1_2.5m_bio_15,122.11005846659342,0.14086316485744838
wc2.1_2.5m_bio_15,125.7015307744344,0.14256599254679408
wc2.1_2.5m_bio_15,129.2930030822754,0.14482130381001426
wc2.1_2.5m_bio_15,132.88447539011636,0.1471222537070871
wc2.1_2.5m_bio_15,136.47594769795737,0.14952887588274533
wc2.1_2.5m_bio_15,140.06742000579834,0.15209270418995494
wc2.1_2.5m_bio_15,143.6588923136393,0.15483110886291654
wc2.1_2.5m_bio_15,147.25036462148032,0.15774002374757584
wc2.1_2.5m_bio_15,150.8418369293213,0.16080285175289633
wc2.1_2.5m_bio_15,154.43330923716226,0.1640272628642448
wc2.1_2.5m_bio_15,158.02478154500326,0.16740351495320355
wc2.1_2.5m_bio_15,161.61625385284424,0.17091333133194883
wc2.1_2.5m_bio_15,165.2077261606852,0.17454730010565342
wc2.1_2.5m_bio_15,168.7991984685262,0.1783506082278808
wc2.1_2.5m_bio_15,172.3906707763672,0.18232472376418526
wc2.1_2.5m_bio_15,175.98214308420816,0.18232472376418526
wc2.1_2.5m_bio_18,-47.770833333333336,0.07957141734645404
wc2.1_2.5m_bio_18,0,0.07957141734645404
wc2.1_2.5m_bio_18,47.770833333333336,0.13913105434371364
wc2.1_2.5m_bio_18,95.54166666666666,0.13737078280902082
wc2.1_2.5m_bio_18,143.3125,0.13561603348782103
wc2.1_2.5m_bio_18,191.08333333333334,0.13386724073326392
wc2.1_2.5m_bio_18,238.85416666666666,0.1321248320158517
wc2.1_2.5m_bio_18,286.62500000000006,0.13133976151334809
wc2.1_2.5m_bio_18,334.39583333333337,0.13183439285333884
wc2.1_2.5m_bio_18,382.1666666666667,0.1323294236814009
wc2.1_2.5m_bio_18,429.93750000000006,0.1328248425760806
wc2.1_2.5m_bio_18,477.7083333333334,0.13332063845842762
wc2.1_2.5m_bio_18,525.4791666666666,0.13381680231081203
wc2.1_2.5m_bio_18,573.25,0.1343133320593843
wc2.1_2.5m_bio_18,621.0208333333334,0.1348102362142458
wc2.1_2.5m_bio_18,668.7916666666666,0.13530749466450545
wc2.1_2.5m_bio_18,716.5625,0.13580508010595554
wc2.1_2.5m_bio_18,764.3333333333334,0.13630298140530042
wc2.1_2.5m_bio_18,812.1041666666666,0.13680118960571383
wc2.1_2.5m_bio_18,859.875,0.13729969259184635
wc2.1_2.5m_bio_18,907.6458333333334,0.13779847729258365
wc2.1_2.5m_bio_18,955.4166666666666,0.13829753569749845
wc2.1_2.5m_bio_18,1003.1875000000001,0.13879686165372282
wc2.1_2.5m_bio_18,1050.9583333333335,0.13929644042667763
wc2.1_2.5m_bio_18,1098.7291666666667,0.13979626193647213
wc2.1_2.5m_bio_18,1146.5000000000002,0.1402963145798553
wc2.1_2.5m_bio_18,1194.2708333333335,0.14079659172151604
wc2.1_2.5m_bio_18,1242.0416666666667,0.14129708307934405
wc2.1_2.5m_bio_18,1289.8125000000002,0.1417976358501898
wc2.1_2.5m_bio_18,1337.5833333333335,0.142298196682715
wc2.1_2.5m_bio_18,1385.3541666666667,0.14279876433146005
wc2.1_2.5m_bio_18,1433.1250000000002,0.1432992481361697
wc2.1_2.5m_bio_18,1480.8958333333335,0.14380255459540528
wc2.1_2.5m_bio_18,1528.6666666666667,0.1443166793204512
wc2.1_2.5m_bio_18,1576.4375000000002,0.144843626011857
wc2.1_2.5m_bio_18,1624.2083333333335,0.14537481066319816
wc2.1_2.5m_bio_18,1671.9791666666667,0.14590268081136468
wc2.1_2.5m_bio_18,1719.7500000000002,0.14642402851032596
wc2.1_2.5m_bio_18,1767.5208333333335,0.14694060230552083
wc2.1_2.5m_bio_18,1815.2916666666667,0.14745181866194884
wc2.1_2.5m_bio_18,1863.0625000000002,0.14796208266055036
wc2.1_2.5m_bio_18,1910.8333333333335,0.14847026494550972
wc2.1_2.5m_bio_18,1958.6041666666667,0.145413519492621
wc2.1_2.5m_bio_18,2006.3750000000002,0.14212078971513664
wc2.1_2.5m_bio_18,2054.1458333333335,0.13884546850196947
wc2.1_2.5m_bio_18,2101.9166666666665,0.135590699240313
wc2.1_2.5m_bio_18,2149.6875,0.13235557816592786
wc2.1_2.5m_bio_18,2197.4583333333335,0.12913992641321395
wc2.1_2.5m_bio_18,2245.2291666666665,0.12594693985140054
wc2.1_2.5m_bio_18,2293,0.12277610670834145
wc2.1_2.5m_bio_18,2340.7708333333335,0.12277610670834145
wc2.1_2.5m_bio_19,-60.229166666666664,0.12181594432340244
wc2.1_2.5m_bio_19,0,0.12181594432340244
wc2.1_2.5m_bio_19,60.229166666666664,0.1576129464202781
wc2.1_2.5m_bio_19,120.45833333333334,0.12990316172100874
wc2.1_2.5m_bio_19,180.6875,0.11910464056162358
wc2.1_2.5m_bio_19,240.91666666666666,0.11605705283561105
wc2.1_2.5m_bio_19,301.1458333333333,0.11637651665171585
wc2.1_2.5m_bio_19,361.37499999999994,0.11691715785608894
wc2.1_2.5m_bio_19,421.60416666666663,0.11745886646386224
wc2.1_2.5m_bio_19,481.8333333333333,0.11800163107824069
wc2.1_2.5m_bio_19,542.0625,0.11854543887844772
wc2.1_2.5m_bio_19,602.2916666666666,0.11909027834292572
wc2.1_2.5m_bio_19,662.5208333333334,0.11963613613391978
wc2.1_2.5m_bio_19,722.75,0.12018300115150694
wc2.1_2.5m_bio_19,782.9791666666666,0.12073086023237668
wc2.1_2.5m_bio_19,843.2083333333334,0.12127970031651598
wc2.1_2.5m_bio_19,903.4375,0.12182950948762526
wc2.1_2.5m_bio_19,963.6666666666666,0.1223802746760999
wc2.1_2.5m_bio_19,1023.8958333333334,0.1229319820760093
wc2.1_2.5m_bio_19,1084.1249999999998,0.12348462012044895
wc2.1_2.5m_bio_19,1144.3541666666665,0.12403817445977615
wc2.1_2.5m_bio_19,1204.5833333333333,0.12459263340618751
wc2.1_2.5m_bio_19,1264.8124999999998,0.12514798163692661
wc2.1_2.5m_bio_19,1325.0416666666665,0.1257042068540179
wc2.1_2.5m_bio_19,1385.2708333333333,0.12626129649253745
wc2.1_2.5m_bio_19,1445.4999999999998,0.12681923492551284
wc2.1_2.5m_bio_19,1505.7291666666665,0.12737800971542196
wc2.1_2.5m_bio_19,1565.9583333333333,0.12793760797140355
wc2.1_2.5m_bio_19,1626.1874999999998,0.1284980137483362
wc2.1_2.5m_bio_19,1686.4166666666665,0.12905921433175124
wc2.1_2.5m_bio_19,1746.6458333333333,0.12962119677418651
wc2.1_2.5m_bio_19,1806.8749999999998,0.13018394479634693
wc2.1_2.5m_bio_19,1867.1041666666665,0.13074744532018026
wc2.1_2.5m_bio_19,1927.3333333333333,0.1313116852115943
wc2.1_2.5m_bio_19,1987.5624999999998,0.13187664825613102
wc2.1_2.5m_bio_19,2047.7916666666663,0.13244232100890344
wc2.1_2.5m_bio_19,2108.0208333333335,0.13300868893332418
wc2.1_2.5m_bio_19,2168.25,0.13357573902807407
wc2.1_2.5m_bio_19,2228.4791666666665,0.13414345515715168
wc2.1_2.5m_bio_19,2288.7083333333335,0.1347118206734588
wc2.1_2.5m_bio_19,2348.9375,0.13528082526921367
wc2.1_2.5m_bio_19,2409.1666666666665,0.13585045230463125
wc2.1_2.5m_bio_19,2469.3958333333335,0.1364206842412994
wc2.1_2.5m_bio_19,2529.625,0.13699151101311935
wc2.1_2.5m_bio_19,2589.8541666666665,0.13756291569689263
wc2.1_2.5m_bio_19,2650.0833333333335,0.13813488061343515
wc2.1_2.5m_bio_19,2710.3125,0.13870739571230326
wc2.1_2.5m_bio_19,2770.5416666666665,0.1392804432922405
wc2.1_2.5m_bio_19,2830.7708333333335,0.13985400634304132
wc2.1_2.5m_bio_19,2891,0.14042807401797017
wc2.1_2.5m_bio_19,2951.2291666666665,0.14042807401797017
wc2.1_2.5m_bio_2,2.2015801121791205,0.07564423701326806
wc2.1_2.5m_bio_2,2.566228151321411,0.07564423701326806
wc2.1_2.5m_bio_2,2.930876190463702,0.08315504664541187
wc2.1_2.5m_bio_2,3.295524229605993,0.09121370341515588
wc2.1_2.5m_bio_2,3.6601722687482834,0.09980855287033273
wc2.1_2.5m_bio_2,4.024820307890574,0.10891406407711744
wc2.1_2.5m_bio_2,4.3894683470328655,0.11848976448102669
wc2.1_2.5m_bio_2,4.754116386175156,0.12847967631518714
wc2.1_2.5m_bio_2,5.118764425317447,0.1388127480960563
wc2.1_2.5m_bio_2,5.483412464459738,0.14940480424565813
wc2.1_2.5m_bio_2,5.848060503602028,0.16016185710924752
wc2.1_2.5m_bio_2,6.21270854274432,0.17087599297989284
wc2.1_2.5m_bio_2,6.57735658188661,0.1762871885580519
wc2.1_2.5m_bio_2,6.9420046210289,0.17722728732117393
wc2.1_2.5m_bio_2,7.306652660171192,0.17414280142386346
wc2.1_2.5m_bio_2,7.671300699313482,0.1688655655280016
wc2.1_2.5m_bio_2,8.035948738455772,0.16148274042121408
wc2.1_2.5m_bio_2,8.400596777598064,0.15424355695582706
wc2.1_2.5m_bio_2,8.765244816740354,0.1471715368967363
wc2.1_2.5m_bio_2,9.129892855882645,0.14028641339999637
wc2.1_2.5m_bio_2,9.494540895024937,0.13505665307009287
wc2.1_2.5m_bio_2,9.859188934167227,0.13126361999679928
wc2.1_2.5m_bio_2,10.223836973309519,0.12756944365839984
wc2.1_2.5m_bio_2,10.588485012451809,0.12397510753660547
wc2.1_2.5m_bio_2,10.953133051594099,0.12044655631279574
wc2.1_2.5m_bio_2,11.317781090736391,0.11231003726214876
wc2.1_2.5m_bio_2,11.682429129878681,0.10431749641496373
wc2.1_2.5m_bio_2,12.047077169020971,0.09674940388046971
wc2.1_2.5m_bio_2,12.411725208163263,0.08960719278705796
wc2.1_2.5m_bio_2,12.776373247305553,0.08288746085765976
wc2.1_2.5m_bio_2,13.141021286447844,0.07658271163182878
wc2.1_2.5m_bio_2,13.505669325590135,0.07068227451468838
wc2.1_2.5m_bio_2,13.870317364732426,0.06517314231120903
wc2.1_2.5m_bio_2,14.234965403874716,0.060040988958450114
wc2.1_2.5m_bio_2,14.599613443017008,0.05527722359465654
wc2.1_2.5m_bio_2,14.964261482159298,0.0508670068628403
wc2.1_2.5m_bio_2,15.328909521301588,0.04678987554518907
wc2.1_2.5m_bio_2,15.69355756044388,0.04301878392900646
wc2.1_2.5m_bio_2,16.05820559958617,0.03952881816934995
wc2.1_2.5m_bio_2,16.42285363872846,0.03630105437249249
wc2.1_2.5m_bio_2,16.78750167787075,0.033313164020569296
wc2.1_2.5m_bio_2,17.152149717013042,0.030548686191464346
wc2.1_2.5m_bio_2,17.51679775615533,0.02798737309963764
wc2.1_2.5m_bio_2,17.881445795297623,0.025616829515593662
wc2.1_2.5m_bio_2,18.246093834439915,0.023432308258019483
wc2.1_2.5m_bio_2,18.610741873582203,0.02141764010538616
wc2.1_2.5m_bio_2,18.975389912724495,0.019557442963429882
wc2.1_2.5m_bio_2,19.340037951866787,0.017848800111727212
wc2.1_2.5m_bio_2,19.704685991009075,0.016282549365915836
wc2.1_2.5m_bio_2,20.069334030151367,0.014848575691782244
wc2.1_2.5m_bio_2,20.43398206929366,0.014848575691782244
wc2.1_2.5m_bio_3,15.24284597237905,0.27407079949171115
wc2.1_2.5m_bio_3,16.826322555541992,0.27407079949171115
wc2.1_2.5m_bio_3,18.409799138704937,0.26601957071236876
wc2.1_2.5m_bio_3,19.99327572186788,0.25789100877086596
wc2.1_2.5m_bio_3,21.576752305030823,0.24957113735162137
wc2.1_2.5m_bio_3,23.160228888193767,0.24091779725898113
wc2.1_2.5m_bio_3,24.743705471356712,0.2317611641645814
wc2.1_2.5m_bio_3,26.327182054519653,0.22191592617897343
wc2.1_2.5m_bio_3,27.910658637682598,0.21257542401805907
wc2.1_2.5m_bio_3,29.494135220845543,0.20898792090300503
wc2.1_2.5m_bio_3,31.077611804008484,0.2052691414533967
wc2.1_2.5m_bio_3,32.66108838717143,0.20141511788751418
wc2.1_2.5m_bio_3,34.24456497033437,0.19742402469247786
wc2.1_2.5m_bio_3,35.828041553497314,0.19329646147853152
wc2.1_2.5m_bio_3,37.41151813666026,0.18903559057678357
wc2.1_2.5m_bio_3,38.994994719823204,0.18464718083974252
wc2.1_2.5m_bio_3,40.578471302986145,0.1801395355878731
wc2.1_2.5m_bio_3,42.16194788614909,0.1755233128800525
wc2.1_2.5m_bio_3,43.745424469312034,0.17081125488008184
wc2.1_2.5m_bio_3,45.328901052474976,0.16601785991917958
wc2.1_2.5m_bio_3,46.912377635637924,0.1611589504288085
wc2.1_2.5m_bio_3,48.495854218800865,0.15625133399714555
wc2.1_2.5m_bio_3,50.07933080196381,0.1513123482559662
wc2.1_2.5m_bio_3,51.662807385126754,0.14635948104444405
wc2.1_2.5m_bio_3,53.246283968289696,0.14141001129974273
wc2.1_2.5m_bio_3,54.829760551452644,0.13648069319113204
wc2.1_2.5m_bio_3,56.413237134615585,0.13158748859629688
wc2.1_2.5m_bio_3,57.996713717778526,0.1267453722846162
wc2.1_2.5m_bio_3,59.580190300941474,0.12196843845849863
wc2.1_2.5m_bio_3,61.163666884104416,0.11726932737000677
wc2.1_2.5m_bio_3,62.74714346726736,0.11265871807325926
wc2.1_2.5m_bio_3,64.3306200504303,0.10814634165451406
wc2.1_2.5m_bio_3,65.91409663359325,0.1037406702702075
wc2.1_2.5m_bio_3,67.49757321675618,0.09944870441974381
wc2.1_2.5m_bio_3,69.08104979991913,0.09527648080694974
wc2.1_2.5m_bio_3,70.66452638308208,0.09122851050745398
wc2.1_2.5m_bio_3,72.24800296624501,0.08730806040188212
wc2.1_2.5m_bio_3,73.83147954940796,0.08351997157030028
wc2.1_2.5m_bio_3,75.41495613257091,0.07986676734514407
wc2.1_2.5m_bio_3,76.99843271573384,0.07635070786972456
wc2.1_2.5m_bio_3,78.58190929889679,0.07297030608946113
wc2.1_2.5m_bio_3,80.16538588205974,0.06972575225416261
wc2.1_2.5m_bio_3,81.74886246522267,0.0694445914874405
wc2.1_2.5m_bio_3,83.33233904838562,0.06989686773572173
wc2.1_2.5m_bio_3,84.91581563154857,0.07037060494670239
wc2.1_2.5m_bio_3,86.4992922147115,0.07085827993330547
wc2.1_2.5m_bio_3,88.08276879787445,0.06771985987266943
wc2.1_2.5m_bio_3,89.6662453810374,0.062129278297128956
wc2.1_2.5m_bio_3,91.24972196420033,0.05692999949209285
wc2.1_2.5m_bio_3,92.83319854736328,0.05210830275017144
wc2.1_2.5m_bio_3,94.41667513052623,0.05210830275017144
wc2.1_2.5m_bio_8,-11.282541990280151,0.001490643133940337
wc2.1_2.5m_bio_8,-10.351333618164062,0.001490643133940337
wc2.1_2.5m_bio_8,-9.420125246047974,0.0017547116722300806
wc2.1_2.5m_bio_8,-8.488916873931885,0.0020652728599820716
wc2.1_2.5m_bio_8,-7.557708501815796,0.0024304089570824443
wc2.1_2.5m_bio_8,-6.626500129699707,0.002859584430371194
wc2.1_2.5m_bio_8,-5.695291757583618,0.0033638495351402662
wc2.1_2.5m_bio_8,-4.764083385467529,0.003956140731768438
wc2.1_2.5m_bio_8,-3.8328750133514404,0.004652048156420508
wc2.1_2.5m_bio_8,-2.9016666412353516,0.005474258710045078
wc2.1_2.5m_bio_8,-1.9704582691192627,0.006469306333029559
wc2.1_2.5m_bio_8,-1.0392498970031738,0.007645482691297874
wc2.1_2.5m_bio_8,-0.10804152488708496,0.009029371082014627
wc2.1_2.5m_bio_8,0.8231668472290039,0.010655236039898801
wc2.1_2.5m_bio_8,1.7543752193450928,0.01256204971454898
wc2.1_2.5m_bio_8,2.6855835914611816,0.014793767253639607
wc2.1_2.5m_bio_8,3.6167919635772705,0.017399457727592958
wc2.1_2.5m_bio_8,4.548000335693359,0.02043321326162213
wc2.1_2.5m_bio_8,5.479208707809448,0.023953740540230525
wc2.1_2.5m_bio_8,6.410417079925537,0.028023513354151295
wc2.1_2.5m_bio_8,7.341625452041626,0.032707379890924454
wc2.1_2.5m_bio_8,8.272833824157715,0.0380704784823904
wc2.1_2.5m_bio_8,9.204042196273804,0.044175376756779496
wc2.1_2.5m_bio_8,10.135250568389893,0.05107841668636751
wc2.1_2.5m_bio_8,11.066458940505981,0.05882537461017383
wc2.1_2.5m_bio_8,11.99766731262207,0.06744660197383434
wc2.1_2.5m_bio_8,12.92887568473816,0.07695226069533918
wc2.1_2.5m_bio_8,13.860084056854248,0.08732825644289759
wc2.1_2.5m_bio_8,14.791292428970337,0.09853376915942703
wc2.1_2.5m_bio_8,15.722500801086426,0.11050131795207625
wc2.1_2.5m_bio_8,16.653709173202515,0.12313979373329766
wc2.1_2.5m_bio_8,17.584917545318604,0.13634071745929463
wc2.1_2.5m_bio_8,18.516125917434692,0.14998691343372753
wc2.1_2.5m_bio_8,19.44733428955078,0.16396194368744857
wc2.1_2.5m_bio_8,20.37854266166687,0.17221606254790126
wc2.1_2.5m_bio_8,21.30975103378296,0.17182639287612164
wc2.1_2.5m_bio_8,22.240959405899048,0.16951881785341277
wc2.1_2.5m_bio_8,23.172167778015137,0.16300865152958524
wc2.1_2.5m_bio_8,24.103376150131226,0.15413940492865583
wc2.1_2.5m_bio_8,25.034584522247314,0.1454038201078439
wc2.1_2.5m_bio_8,25.965792894363403,0.13665493565347295
wc2.1_2.5m_bio_8,26.897001266479492,0.12797751629827128
wc2.1_2.5m_bio_8,27.82820963859558,0.1195299157144865
wc2.1_2.5m_bio_8,28.75941801071167,0.11134162030445663
wc2.1_2.5m_bio_8,29.69062638282776,0.10344036788542711
wc2.1_2.5m_bio_8,30.621834754943848,0.09585106121369409
wc2.1_2.5m_bio_8,31.553043127059937,0.08859500330186525
wc2.1_2.5m_bio_8,32.484251499176025,0.08168932796942856
wc2.1_2.5m_bio_8,33.415459871292114,0.0751465841036183
wc2.1_2.5m_bio_8,34.3466682434082,0.06897378523742288
wc2.1_2.5m_bio_8,35.27787661552429,0.06897378523742288
wc2.1_2.5m_bio_9,-19.252596497535706,0.026635591033305952
wc2.1_2.5m_bio_9,-18.141332626342773,0.026635591033305952
wc2.1_2.5m_bio_9,-17.03006875514984,0.028715803462729655
wc2.1_2.5m_bio_9,-15.91880488395691,0.030943596886694034
wc2.1_2.5m_bio_9,-14.807541012763977,0.03332706004317334
wc2.1_2.5m_bio_9,-13.696277141571045,0.03587452384749194
wc2.1_2.5m_bio_9,-12.585013270378113,0.03859450961883926
wc2.1_2.5m_bio_9,-11.47374939918518,0.04149536939023795
wc2.1_2.5m_bio_9,-10.362485527992249,0.044585722062140794
wc2.1_2.5m_bio_9,-9.251221656799316,0.04787442099252518
wc2.1_2.5m_bio_9,-8.139957785606384,0.051370851410565785
wc2.1_2.5m_bio_9,-7.028693914413452,0.05508216958233353
wc2.1_2.5m_bio_9,-5.91743004322052,0.059017784145321425
wc2.1_2.5m_bio_9,-4.806166172027588,0.06318562931312427
wc2.1_2.5m_bio_9,-3.6949023008346558,0.06759989465564546
wc2.1_2.5m_bio_9,-2.5836384296417236,0.07232332965725068
wc2.1_2.5m_bio_9,-1.4723745584487915,0.07740036765288953
wc2.1_2.5m_bio_9,-0.3611106872558594,0.08271998262039194
wc2.1_2.5m_bio_9,0.7501531839370728,0.08827692009562683
wc2.1_2.5m_bio_9,1.8614170551300049,0.09406388407411977
wc2.1_2.5m_bio_9,2.972680926322937,0.10007101701886656
wc2.1_2.5m_bio_9,4.083944797515869,0.10628586363017414
wc2.1_2.5m_bio_9,5.195208668708801,0.11269341965894535
wc2.1_2.5m_bio_9,6.306472539901733,0.11927625636610097
wc2.1_2.5m_bio_9,7.4177364110946655,0.12601472856353788
wc2.1_2.5m_bio_9,8.529000282287598,0.12971484844416784
wc2.1_2.5m_bio_9,9.64026415348053,0.13012246444187384
wc2.1_2.5m_bio_9,10.751528024673462,0.1305302540405475
wc2.1_2.5m_bio_9,11.862791895866394,0.13093820903956663
wc2.1_2.5m_bio_9,12.974055767059326,0.13134632053376477
wc2.1_2.5m_bio_9,14.085319638252258,0.13175457978089958
wc2.1_2.5m_bio_9,15.19658350944519,0.13216297857368522
wc2.1_2.5m_bio_9,16.307847380638123,0.13257150812375318
wc2.1_2.5m_bio_9,17.419111251831055,0.13298015955895726
wc2.1_2.5m_bio_9,18.530375123023987,0.13388125962686767
wc2.1_2.5m_bio_9,19.64163899421692,0.13486390136383045
wc2.1_2.5m_bio_9,20.75290286540985,0.13584728615016303
wc2.1_2.5m_bio_9,21.864166736602783,0.13683182021807225
wc2.1_2.5m_bio_9,22.975430607795715,0.1389640497469017
wc2.1_2.5m_bio_9,24.086694478988647,0.14114435752681428
wc2.1_2.5m_bio_9,25.19795835018158,0.14333058916852426
wc2.1_2.5m_bio_9,26.30922222137451,0.1455222133285165
wc2.1_2.5m_bio_9,27.420486092567444,0.1477183047222476
wc2.1_2.5m_bio_9,28.531749963760376,0.14991798777952506
wc2.1_2.5m_bio_9,29.643013834953308,0.15212072502768348
wc2.1_2.5m_bio_9,30.75427770614624,0.15432540291389554
wc2.1_2.5m_bio_9,31.865541577339172,0.15653105904665898
wc2.1_2.5m_bio_9,32.976805448532104,0.15873719364245706
wc2.1_2.5m_bio_9,34.08806931972504,0.16094278246573449
wc2.1_2.5m_bio_9,35.19933319091797,0.16314749450042357
wc2.1_2.5m_bio_9,36.3105970621109,0.16314749450042357
